{
  "real_time": "26:50:49.770595",
  "sim_time": "00:59:59.000000000",
  "total_packets_recv": 37605044728,
  "total_packets_recv_inet": 30108836674,
  "total_packets_recv_localhost": 7496208054,
  "total_packets_sent": 37607806024,
  "total_packets_sent_inet": 30111597970,
  "total_packets_sent_localhost": 7496208054
}
