{
  "real_time": "26:46:35.690535",
  "sim_time": "00:59:59.000000000",
  "total_packets_recv": 36952278574,
  "total_packets_recv_inet": 29777700832,
  "total_packets_recv_localhost": 7174577742,
  "total_packets_sent": 36954845969,
  "total_packets_sent_inet": 29780268227,
  "total_packets_sent_localhost": 7174577742
}