{
  "gbit_recv": 178744.878105536,
  "gbit_recv_per_real_sec": 2.7665673817585956,
  "gbit_recv_per_sim_sec": 49.66515090456682,
  "gbit_sent": 178762.059948864,
  "gbit_sent_per_real_sec": 2.7668333179231084,
  "gbit_sent_per_sim_sec": 49.669924964952486,
  "real_seconds": 64608.90101,
  "real_time": "17:56:48.901010",
  "sim_seconds": 3599.0,
  "sim_time": "00:59:59.000000000",
  "total_bytes_recv": 22343109763192,
  "total_bytes_sent": 22345257493608
}
