{
  "gbit_recv": 178737.781981256,
  "gbit_recv_per_real_sec": 2.7543069936029236,
  "gbit_recv_per_sim_sec": 49.6631792112409,
  "gbit_sent": 178755.43675476,
  "gbit_sent_per_real_sec": 2.7545790494916873,
  "gbit_sent_per_sim_sec": 49.668084677621565,
  "real_seconds": 64893.921555,
  "real_time": "18:01:33.921555",
  "sim_seconds": 3599.0,
  "sim_time": "00:59:59.000000000",
  "total_bytes_recv": 22342222747657,
  "total_bytes_sent": 22344429594345
}
