{
  "real_time": "13:10:46.528800",
  "sim_time": "00:59:59.000000000",
  "total_packets_recv": 18309019952,
  "total_packets_recv_inet": 14719387990,
  "total_packets_recv_localhost": 3589631962,
  "total_packets_sent": 18310265096,
  "total_packets_sent_inet": 14720633134,
  "total_packets_sent_localhost": 3589631962
}