{
  "gbit_recv": 223684.992197864,
  "gbit_recv_per_real_sec": 2.7847958865024562,
  "gbit_recv_per_sim_sec": 62.15198449509975,
  "gbit_sent": 223706.135791152,
  "gbit_sent_per_real_sec": 2.7850591164627487,
  "gbit_sent_per_sim_sec": 62.15785934736093,
  "real_seconds": 80323.657932,
  "real_time": "22:18:43.657932",
  "sim_seconds": 3599.0,
  "sim_time": "00:59:59.000000000",
  "total_bytes_recv": 27960624024733,
  "total_bytes_sent": 27963266973894
}
