{
  "gbit_recv": 89498.365707048,
  "gbit_recv_per_real_sec": 2.6196777886359497,
  "gbit_recv_per_sim_sec": 24.867564797734925,
  "gbit_sent": 89507.749240952,
  "gbit_sent_per_real_sec": 2.619952451029537,
  "gbit_sent_per_sim_sec": 24.87017205916977,
  "real_seconds": 34163.883091,
  "real_time": "09:29:23.883091",
  "sim_seconds": 3599.0,
  "sim_time": "00:59:59.000000000",
  "total_bytes_recv": 11187295713381,
  "total_bytes_sent": 11188468655119
}
