{
  "real_time": "09:29:23.883091",
  "sim_time": "00:59:59.000000000",
  "total_packets_recv": 12415435046,
  "total_packets_recv_inet": 9899410778,
  "total_packets_recv_localhost": 2516024268,
  "total_packets_sent": 12416590160,
  "total_packets_sent_inet": 9900565892,
  "total_packets_sent_localhost": 2516024268
}
