{
  "real_time": "17:35:00.676322",
  "sim_time": "00:59:59.000000000",
  "total_packets_recv": 24613915323,
  "total_packets_recv_inet": 19802554534,
  "total_packets_recv_localhost": 4811360789,
  "total_packets_sent": 24616120334,
  "total_packets_sent_inet": 19804759545,
  "total_packets_sent_localhost": 4811360789
}
