{
  "real_time": "09:28:05.169635",
  "sim_time": "00:59:59.000000000",
  "total_packets_recv": 12370719379,
  "total_packets_recv_inet": 9864056670,
  "total_packets_recv_localhost": 2506662709,
  "total_packets_sent": 12371668307,
  "total_packets_sent_inet": 9865005598,
  "total_packets_sent_localhost": 2506662709
}