{
  "real_time": "13:43:31.715610",
  "sim_time": "00:59:59.000000000",
  "total_packets_recv": 18612456654,
  "total_packets_recv_inet": 14864691292,
  "total_packets_recv_localhost": 3747765362,
  "total_packets_sent": 18613754879,
  "total_packets_sent_inet": 14865989517,
  "total_packets_sent_localhost": 3747765362
}
