{
  "real_time": "04:50:05.846787",
  "sim_time": "00:59:59.000000000",
  "total_packets_recv": 6138353081,
  "total_packets_recv_inet": 4884659819,
  "total_packets_recv_localhost": 1253693262,
  "total_packets_sent": 6138916344,
  "total_packets_sent_inet": 4885223082,
  "total_packets_sent_localhost": 1253693262
}