{
  "real_time": "08:41:30.837725",
  "sim_time": "00:59:59.000000000",
  "total_packets_recv": 12224700233,
  "total_packets_recv_inet": 9816016759,
  "total_packets_recv_localhost": 2408683474,
  "total_packets_sent": 12225695767,
  "total_packets_sent_inet": 9817012293,
  "total_packets_sent_localhost": 2408683474
}