{
  "gbit_recv": 44437.808732512,
  "gbit_recv_per_real_sec": 2.689411866403843,
  "gbit_recv_per_sim_sec": 12.347265555018616,
  "gbit_sent": 44441.66954432,
  "gbit_sent_per_real_sec": 2.6896455258345524,
  "gbit_sent_per_sim_sec": 12.34833830072798,
  "real_seconds": 16523.244092,
  "real_time": "04:35:23.244092",
  "sim_seconds": 3599.0,
  "sim_time": "00:59:59.000000000",
  "total_bytes_recv": 5554726091564,
  "total_bytes_sent": 5555208693040
}
