{
  "real_time": "08:16:09.523808",
  "sim_time": "00:59:59.000000000",
  "total_packets_recv": 6155392285,
  "total_packets_recv_inet": 4898572730,
  "total_packets_recv_localhost": 1256819555,
  "total_packets_sent": 6155882236,
  "total_packets_sent_inet": 4899062681,
  "total_packets_sent_localhost": 1256819555
}