{
  "real_time": "22:10:09.348402",
  "sim_time": "00:59:59.000000000",
  "total_packets_recv": 30782025949,
  "total_packets_recv_inet": 24775033281,
  "total_packets_recv_localhost": 6006992668,
  "total_packets_sent": 30784855132,
  "total_packets_sent_inet": 24777862464,
  "total_packets_sent_localhost": 6006992668
}