{
  "real_time": "08:42:04.149119",
  "sim_time": "00:59:59.000000000",
  "total_packets_recv": 6048726102,
  "total_packets_recv_inet": 4847750485,
  "total_packets_recv_localhost": 1200975617,
  "total_packets_sent": 6049197191,
  "total_packets_sent_inet": 4848221574,
  "total_packets_sent_localhost": 1200975617
}