{
  "real_time": "08:41:59.720138",
  "sim_time": "00:59:59.000000000",
  "total_packets_recv": 12159744065,
  "total_packets_recv_inet": 9765051042,
  "total_packets_recv_localhost": 2394693023,
  "total_packets_sent": 12160601455,
  "total_packets_sent_inet": 9765908432,
  "total_packets_sent_localhost": 2394693023
}