{
  "real_time": "08:52:08.074593",
  "sim_time": "00:59:59.000000000",
  "total_packets_recv": 6051288837,
  "total_packets_recv_inet": 4848520521,
  "total_packets_recv_localhost": 1202768316,
  "total_packets_sent": 6051771437,
  "total_packets_sent_inet": 4849003121,
  "total_packets_sent_localhost": 1202768316
}