{
  "real_time": "08:36:34.986818",
  "sim_time": "00:59:59.000000000",
  "total_packets_recv": 6024101796,
  "total_packets_recv_inet": 4827010760,
  "total_packets_recv_localhost": 1197091036,
  "total_packets_sent": 6024564498,
  "total_packets_sent_inet": 4827473462,
  "total_packets_sent_localhost": 1197091036
}