{
  "real_time": "26:55:24.718415",
  "sim_time": "00:59:59.000000000",
  "total_packets_recv": 37645416566,
  "total_packets_recv_inet": 30142929992,
  "total_packets_recv_localhost": 7502486574,
  "total_packets_sent": 37648406751,
  "total_packets_sent_inet": 30145920177,
  "total_packets_sent_localhost": 7502486574
}