{
  "gbit_recv": 266736.632521264,
  "gbit_recv_per_real_sec": 2.7589514294280226,
  "gbit_recv_per_sim_sec": 74.11409628265186,
  "gbit_sent": 266757.216839672,
  "gbit_sent_per_real_sec": 2.7591643403212833,
  "gbit_sent_per_sim_sec": 74.11981573761378,
  "real_seconds": 96680.437965,
  "real_time": "26:51:20.437965",
  "sim_seconds": 3599.0,
  "sim_time": "00:59:59.000000000",
  "total_bytes_recv": 33342079065158,
  "total_bytes_sent": 33344652104959
}
