{
  "real_time": "13:04:36.374515",
  "sim_time": "00:59:59.000000000",
  "total_packets_recv": 18315359935,
  "total_packets_recv_inet": 14731210192,
  "total_packets_recv_localhost": 3584149743,
  "total_packets_sent": 18316621819,
  "total_packets_sent_inet": 14732472076,
  "total_packets_sent_localhost": 3584149743
}