{
  "real_time": "26:46:03.077174",
  "sim_time": "00:59:59.000000000",
  "total_packets_recv": 36995321326,
  "total_packets_recv_inet": 29816557367,
  "total_packets_recv_localhost": 7178763959,
  "total_packets_sent": 36998177445,
  "total_packets_sent_inet": 29819413486,
  "total_packets_sent_localhost": 7178763959
}