{
  "real_time": "17:36:35.352471",
  "sim_time": "00:59:59.000000000",
  "total_packets_recv": 24535914203,
  "total_packets_recv_inet": 19739237688,
  "total_packets_recv_localhost": 4796676515,
  "total_packets_sent": 24537903430,
  "total_packets_sent_inet": 19741226915,
  "total_packets_sent_localhost": 4796676515
}