{
  "gbit_recv": 133959.404758056,
  "gbit_recv_per_real_sec": 2.718762123448823,
  "gbit_recv_per_sim_sec": 37.221285011963325,
  "gbit_sent": 133970.428451992,
  "gbit_sent_per_real_sec": 2.7189858539258864,
  "gbit_sent_per_sim_sec": 37.224347999997775,
  "real_seconds": 49272.205024,
  "real_time": "13:41:12.205024",
  "sim_seconds": 3599.0,
  "sim_time": "00:59:59.000000000",
  "total_bytes_recv": 16744925594757,
  "total_bytes_sent": 16746303556499
}
