{
  "real_time": "04:28:58.789769",
  "sim_time": "00:59:59.000000000",
  "total_packets_recv": 6032827673,
  "total_packets_recv_inet": 4834385855,
  "total_packets_recv_localhost": 1198441818,
  "total_packets_sent": 6033343939,
  "total_packets_sent_inet": 4834902121,
  "total_packets_sent_localhost": 1198441818
}