{
  "real_time": "09:34:18.535292",
  "sim_time": "00:59:59.000000000",
  "total_packets_recv": 12410886179,
  "total_packets_recv_inet": 9896101521,
  "total_packets_recv_localhost": 2514784658,
  "total_packets_sent": 12412049478,
  "total_packets_sent_inet": 9897264820,
  "total_packets_sent_localhost": 2514784658
}
