{
  "real_time": "22:22:03.404555",
  "sim_time": "00:59:59.000000000",
  "total_packets_recv": 30832904363,
  "total_packets_recv_inet": 24822713608,
  "total_packets_recv_localhost": 6010190755,
  "total_packets_sent": 30835809097,
  "total_packets_sent_inet": 24825618342,
  "total_packets_sent_localhost": 6010190755
}