{
  "real_time": "08:41:42.415392",
  "sim_time": "00:59:59.000000000",
  "total_packets_recv": 12162576243,
  "total_packets_recv_inet": 9763294409,
  "total_packets_recv_localhost": 2399281834,
  "total_packets_sent": 12163537688,
  "total_packets_sent_inet": 9764255854,
  "total_packets_sent_localhost": 2399281834
}