{
  "real_time": "04:35:20.896886",
  "sim_time": "00:59:59.000000000",
  "total_packets_recv": 6035272070,
  "total_packets_recv_inet": 4835370617,
  "total_packets_recv_localhost": 1199901453,
  "total_packets_sent": 6035736902,
  "total_packets_sent_inet": 4835835449,
  "total_packets_sent_localhost": 1199901453
}