{
  "real_time": "04:35:18.905650",
  "sim_time": "00:59:59.000000000",
  "total_packets_recv": 6049331037,
  "total_packets_recv_inet": 4846470639,
  "total_packets_recv_localhost": 1202860398,
  "total_packets_sent": 6049835697,
  "total_packets_sent_inet": 4846975299,
  "total_packets_sent_localhost": 1202860398
}