{
  "real_time": "22:26:32.099899",
  "sim_time": "00:59:59.000000000",
  "total_packets_recv": 31355320541,
  "total_packets_recv_inet": 25077337470,
  "total_packets_recv_localhost": 6277983071,
  "total_packets_sent": 31357883160,
  "total_packets_sent_inet": 25079900089,
  "total_packets_sent_localhost": 6277983071
}
