{
  "real_time": "27:08:38.328966",
  "sim_time": "00:59:59.000000000",
  "total_packets_recv": 37669399389,
  "total_packets_recv_inet": 30157760695,
  "total_packets_recv_localhost": 7511638694,
  "total_packets_sent": 37672253459,
  "total_packets_sent_inet": 30160614765,
  "total_packets_sent_localhost": 7511638694
}