{
  "real_time": "26:50:56.880548",
  "sim_time": "00:59:59.000000000",
  "total_packets_recv": 37609480619,
  "total_packets_recv_inet": 30111032061,
  "total_packets_recv_localhost": 7498448558,
  "total_packets_sent": 37612108857,
  "total_packets_sent_inet": 30113660299,
  "total_packets_sent_localhost": 7498448558
}