{
  "real_time": "05:10:43.672444",
  "sim_time": "00:59:59.000000000",
  "total_packets_recv": 6135797418,
  "total_packets_recv_inet": 4881967612,
  "total_packets_recv_localhost": 1253829806,
  "total_packets_sent": 6136258871,
  "total_packets_sent_inet": 4882429065,
  "total_packets_sent_localhost": 1253829806
}