{
  "real_time": "22:43:07.349816",
  "sim_time": "00:59:59.000000000",
  "total_packets_recv": 31354472808,
  "total_packets_recv_inet": 25076400421,
  "total_packets_recv_localhost": 6278072387,
  "total_packets_sent": 31357487568,
  "total_packets_sent_inet": 25079415181,
  "total_packets_sent_localhost": 6278072387
}
