{
  "gbit_recv": 177662.733251376,
  "gbit_recv_per_real_sec": 2.804800146888992,
  "gbit_recv_per_sim_sec": 49.36447158971269,
  "gbit_sent": 177680.030390648,
  "gbit_sent_per_real_sec": 2.8050732205825177,
  "gbit_sent_per_sim_sec": 49.369277685648235,
  "real_seconds": 63342.385891,
  "real_time": "17:35:42.385891",
  "sim_seconds": 3599.0,
  "sim_time": "00:59:59.000000000",
  "total_bytes_recv": 22207841656422,
  "total_bytes_sent": 22210003798831
}
